user36,abc123
user30,abc123
user15,abc123
user181,abc123
user118,abc123
user183,abc123
user127,abc123
user131,abc123
user74,abc123
user59,abc123
user48,abc123
user69,abc123
user65,abc123
user54,abc123
user149,abc123
user159,abc123
user151,abc123
user187,abc123
user100,abc123
user117,abc123
user109,abc123
user43,abc123
user176,abc123
user178,abc123
user63,abc123
user137,abc123
user170,abc123
user64,abc123
user146,abc123
user188,abc123
user192,abc123
user67,abc123
user84,abc123
user130,abc123
user108,abc123
user41,abc123
user38,abc123
user125,abc123
user44,abc123
user143,abc123
user193,abc123
user24,abc123
user47,abc123
user189,abc123
user134,abc123
user186,abc123
user20,abc123
user28,abc123
user116,abc123
user138,abc123